name,lastname,email
Jonas,Jonaitis,email@email.email
Tomas,Tomaitis,feawg@ge.com
Vasia,Vasaitis,fwaeger@gerg.lt
Ponas,Jonas,rjgaeoi@feawg.gg
Bronius,Bronaitis,fwieaohgo@goo.ggggg
Marytė,Marytė,maryte.maryte@marytes.com
Testas,Testaitis,fewag@gaero.gri